Algorithm,Problem,ExecutionId,IndicatorName,IndicatorValue
SMPSO,ZDT3,5,GD,0.0036476001821605358
SMPSO,ZDT3,5,EP,0.04782614326565349
SMPSO,ZDT3,5,HV,1.0223224411592708
SMPSO,ZDT3,6,Time,4.770412445068359
SMPSO,ZDT3,17,GD,0.0010342353843412746
SMPSO,ZDT3,17,EP,0.0049657849853452785
SMPSO,ZDT3,17,HV,1.0416042030548898
SMPSO,ZDT3,9,GD,0.001209079820633286
SMPSO,ZDT3,9,EP,0.005247074377529026
SMPSO,ZDT3,9,HV,1.041168119485238
SMPSO,ZDT3,14,Time,4.822358846664429
SMPSO,ZDT3,14,GD,0.0010805005762340074
SMPSO,ZDT3,14,EP,0.00516638809155634
SMPSO,ZDT3,14,HV,1.0417421617154388
SMPSO,ZDT3,0,Time,4.721518039703369
SMPSO,ZDT3,3,GD,0.0011838249264795127
SMPSO,ZDT3,3,EP,0.0055004712981551185
SMPSO,ZDT3,3,HV,1.0417123268738717
SMPSO,ZDT3,8,Time,4.4497902393341064
SMPSO,ZDT3,9,Time,4.836508750915527
SMPSO,ZDT3,15,Time,4.598691463470459
SMPSO,ZDT3,23,GD,0.001156979271637279
SMPSO,ZDT3,23,EP,0.005747892956684653
SMPSO,ZDT3,23,HV,1.0404649574165026
SMPSO,ZDT3,19,Time,4.472343683242798
SMPSO,ZDT3,1,GD,0.0012263784334722407
SMPSO,ZDT3,1,EP,0.005583856551476418
SMPSO,ZDT3,1,HV,1.041028459968957
SMPSO,ZDT3,20,Time,4.618649244308472
SMPSO,ZDT3,17,Time,4.672189712524414
SMPSO,ZDT3,5,Time,4.694640874862671
SMPSO,ZDT3,15,GD,0.001150611598032255
SMPSO,ZDT3,15,EP,0.006156955598592195
SMPSO,ZDT3,15,HV,1.041168046128842
SMPSO,ZDT3,22,GD,0.001228455068091219
SMPSO,ZDT3,22,EP,0.005635859706268009
SMPSO,ZDT3,22,HV,1.040913635193736
SMPSO,ZDT3,1,Time,4.698110103607178
SMPSO,ZDT3,3,Time,5.201473236083984
SMPSO,ZDT3,19,GD,0.0013116826788562214
SMPSO,ZDT3,19,EP,0.0063160758016066465
SMPSO,ZDT3,19,HV,1.0399660307369742
SMPSO,ZDT3,2,Time,4.692132472991943
SMPSO,ZDT3,11,GD,0.0011898548272438214
SMPSO,ZDT3,11,EP,0.0063978917173667105
SMPSO,ZDT3,11,HV,1.04116014043044
SMPSO,ZDT3,12,Time,4.427138328552246
SMPSO,ZDT3,24,GD,0.0013668462384773072
SMPSO,ZDT3,24,EP,0.006439958061422835
SMPSO,ZDT3,24,HV,1.040991916353715
SMPSO,ZDT3,13,Time,6.990373373031616
SMPSO,ZDT3,6,GD,0.0009596016189884982
SMPSO,ZDT3,6,EP,0.006634349783360305
SMPSO,ZDT3,6,HV,1.041427753217769
SMPSO,ZDT3,22,Time,4.563177108764648
SMPSO,ZDT3,16,Time,4.699186325073242
SMPSO,ZDT3,4,GD,0.0010393346555158528
SMPSO,ZDT3,4,EP,0.005888727338098587
SMPSO,ZDT3,4,HV,1.0415080098370504
SMPSO,ZDT3,16,GD,0.0011306811151484877
SMPSO,ZDT3,16,EP,0.005516259864941642
SMPSO,ZDT3,16,HV,1.0411893826335283
SMPSO,ZDT3,18,Time,7.503904342651367
SMPSO,ZDT3,13,GD,0.001244033722093688
SMPSO,ZDT3,13,EP,0.005046865874971884
SMPSO,ZDT3,13,HV,1.0416866107836604
SMPSO,ZDT3,0,GD,0.0011768301407160604
SMPSO,ZDT3,0,EP,0.005779551998254973
SMPSO,ZDT3,0,HV,1.0414988398216594
SMPSO,ZDT3,21,Time,4.712348699569702
SMPSO,ZDT3,8,GD,0.0014985086112425702
SMPSO,ZDT3,8,EP,0.007815199014598512
SMPSO,ZDT3,8,HV,1.0397013970801547
SMPSO,ZDT3,23,Time,4.5725462436676025
SMPSO,ZDT3,20,GD,0.0012253987759810775
SMPSO,ZDT3,20,EP,0.005133591825432049
SMPSO,ZDT3,20,HV,1.0413600600149922
SMPSO,ZDT3,7,GD,0.0009557988641914665
SMPSO,ZDT3,7,EP,0.005156620675395462
SMPSO,ZDT3,7,HV,1.041008236474021
SMPSO,ZDT3,2,GD,0.0016099893574885347
SMPSO,ZDT3,2,EP,0.01247120405332569
SMPSO,ZDT3,2,HV,1.0377172411182296
SMPSO,ZDT3,4,Time,4.721932649612427
SMPSO,ZDT3,12,GD,0.0012373122046301214
SMPSO,ZDT3,12,EP,0.006424965831885399
SMPSO,ZDT3,12,HV,1.0406475544184541
SMPSO,ZDT3,18,GD,0.0012939754812765281
SMPSO,ZDT3,18,EP,0.004918611853939936
SMPSO,ZDT3,18,HV,1.0408112787137882
SMPSO,ZDT3,7,Time,4.87774920463562
SMPSO,ZDT3,24,Time,4.408208608627319
SMPSO,ZDT3,21,GD,0.0009789773470677983
SMPSO,ZDT3,21,EP,0.004965698910365135
SMPSO,ZDT3,21,HV,1.0415085208039832
SMPSO,ZDT3,11,Time,6.4371254444122314
SMPSO,ZDT3,10,GD,0.0011952342169769458
SMPSO,ZDT3,10,EP,0.0056408739196601165
SMPSO,ZDT3,10,HV,1.0415395142345907
SMPSO,ZDT3,10,Time,4.781513452529907
SMPSO,ZDT2,5,GD,0.00047742338476743383
SMPSO,ZDT2,5,EP,0.005330784342436168
SMPSO,ZDT2,5,HV,0.32852859786063193
SMPSO,ZDT2,6,Time,7.590744733810425
SMPSO,ZDT2,17,GD,0.00045114045123668413
SMPSO,ZDT2,17,EP,0.00545615287921436
SMPSO,ZDT2,17,HV,0.3285262278098782
SMPSO,ZDT2,9,GD,0.00040501485620129577
SMPSO,ZDT2,9,EP,0.005573403786697573
SMPSO,ZDT2,9,HV,0.3286475945457448
SMPSO,ZDT2,14,Time,8.850203037261963
SMPSO,ZDT2,14,GD,0.0003749868124275052
SMPSO,ZDT2,14,EP,0.005226586051418014
SMPSO,ZDT2,14,HV,0.32865817242086204
SMPSO,ZDT2,0,Time,7.720030069351196
SMPSO,ZDT2,3,GD,0.0004141718577741705
SMPSO,ZDT2,3,EP,0.005284991999999988
SMPSO,ZDT2,3,HV,0.32860391874804046
SMPSO,ZDT2,8,Time,8.2921781539917
SMPSO,ZDT2,9,Time,8.38059949874878
SMPSO,ZDT2,15,Time,8.336468696594238
SMPSO,ZDT2,23,GD,0.00047066509668905487
SMPSO,ZDT2,23,EP,0.005329524502470262
SMPSO,ZDT2,23,HV,0.32859785380368306
SMPSO,ZDT2,19,Time,7.523767471313477
SMPSO,ZDT2,1,GD,0.0003783796919284762
SMPSO,ZDT2,1,EP,0.005492257748045404
SMPSO,ZDT2,1,HV,0.3286851885740323
SMPSO,ZDT2,20,Time,8.072500228881836
SMPSO,ZDT2,17,Time,8.147428274154663
SMPSO,ZDT2,5,Time,8.077650785446167
SMPSO,ZDT2,15,GD,0.0005025511833055339
SMPSO,ZDT2,15,EP,0.005279470602971736
SMPSO,ZDT2,15,HV,0.3284925646568605
SMPSO,ZDT2,22,GD,0.0004402947184462961
SMPSO,ZDT2,22,EP,0.00518062158083743
SMPSO,ZDT2,22,HV,0.32856203231992437
SMPSO,ZDT2,1,Time,7.308512449264526
SMPSO,ZDT2,3,Time,6.821364879608154
SMPSO,ZDT2,19,GD,0.00045177715280726575
SMPSO,ZDT2,19,EP,0.005574169039328891
SMPSO,ZDT2,19,HV,0.32855350070095496
SMPSO,ZDT2,2,Time,7.793606281280518
SMPSO,ZDT2,11,GD,0.0004416915830241997
SMPSO,ZDT2,11,EP,0.005659168481032165
SMPSO,ZDT2,11,HV,0.32857754325109645
SMPSO,ZDT2,12,Time,8.417359113693237
SMPSO,ZDT2,24,GD,0.00043275223122936157
SMPSO,ZDT2,24,EP,0.0055734042073249945
SMPSO,ZDT2,24,HV,0.3286537737468422
SMPSO,ZDT2,13,Time,8.687975883483887
SMPSO,ZDT2,6,GD,0.00043130512156682566
SMPSO,ZDT2,6,EP,0.005242237488349788
SMPSO,ZDT2,6,HV,0.3286744272354188
SMPSO,ZDT2,22,Time,7.745382070541382
SMPSO,ZDT2,16,Time,7.591284275054932
SMPSO,ZDT2,4,GD,0.00043856619669614303
SMPSO,ZDT2,4,EP,0.005135527217923597
SMPSO,ZDT2,4,HV,0.3286341243143828
SMPSO,ZDT2,16,GD,0.00048677804521410426
SMPSO,ZDT2,16,EP,0.005684750981824999
SMPSO,ZDT2,16,HV,0.32846203415238295
SMPSO,ZDT2,18,Time,8.20513653755188
SMPSO,ZDT2,13,GD,0.00042232709874418515
SMPSO,ZDT2,13,EP,0.005189537670417299
SMPSO,ZDT2,13,HV,0.32865202746241484
SMPSO,ZDT2,0,GD,0.0003791665038124128
SMPSO,ZDT2,0,EP,0.005404819596545707
SMPSO,ZDT2,0,HV,0.32867797112987024
SMPSO,ZDT2,21,Time,8.195638179779053
SMPSO,ZDT2,8,GD,0.0004525869759594455
SMPSO,ZDT2,8,EP,0.005351923591444263
SMPSO,ZDT2,8,HV,0.3284487199897208
SMPSO,ZDT2,23,Time,7.410136461257935
SMPSO,ZDT2,20,GD,0.0004719876203765785
SMPSO,ZDT2,20,EP,0.005544147931684118
SMPSO,ZDT2,20,HV,0.32858794339185526
SMPSO,ZDT2,7,GD,0.0005284223180399337
SMPSO,ZDT2,7,EP,0.0055530424276624135
SMPSO,ZDT2,7,HV,0.3284244831857898
SMPSO,ZDT2,2,GD,0.00042377850061257584
SMPSO,ZDT2,2,EP,0.005376952647306532
SMPSO,ZDT2,2,HV,0.32857396398585176
SMPSO,ZDT2,4,Time,8.703576564788818
SMPSO,ZDT2,12,GD,0.00042271154280271514
SMPSO,ZDT2,12,EP,0.00552969646762802
SMPSO,ZDT2,12,HV,0.32854447182721186
SMPSO,ZDT2,18,GD,0.0004764835239934466
SMPSO,ZDT2,18,EP,0.005606656617745898
SMPSO,ZDT2,18,HV,0.3285159274316277
SMPSO,ZDT2,7,Time,8.647249221801758
SMPSO,ZDT2,24,Time,8.31047797203064
SMPSO,ZDT2,21,GD,0.0004269674436225773
SMPSO,ZDT2,21,EP,0.005644832071630801
SMPSO,ZDT2,21,HV,0.32850887269569645
SMPSO,ZDT2,11,Time,8.127891540527344
SMPSO,ZDT2,10,GD,0.00038390575501650524
SMPSO,ZDT2,10,EP,0.005204013440179178
SMPSO,ZDT2,10,HV,0.32864727188697057
SMPSO,ZDT2,10,Time,7.917908430099487
SMPSO,ZDT1,5,GD,0.0005760857278742026
SMPSO,ZDT1,5,EP,0.005623062936360973
SMPSO,ZDT1,5,HV,0.6617740849459038
SMPSO,ZDT1,6,Time,7.2884087562561035
SMPSO,ZDT1,17,GD,0.0007257125882842108
SMPSO,ZDT1,17,EP,0.006328021098049086
SMPSO,ZDT1,17,HV,0.6615022990202067
SMPSO,ZDT1,9,GD,0.0006963927112944166
SMPSO,ZDT1,9,EP,0.005571961447826013
SMPSO,ZDT1,9,HV,0.661676238481853
SMPSO,ZDT1,14,Time,8.215290784835815
SMPSO,ZDT1,14,GD,0.0005453001623788071
SMPSO,ZDT1,14,EP,0.005287131018601232
SMPSO,ZDT1,14,HV,0.661789136235963
SMPSO,ZDT1,0,Time,8.081101179122925
SMPSO,ZDT1,3,GD,0.0006046422283145382
SMPSO,ZDT1,3,EP,0.0057012471932301745
SMPSO,ZDT1,3,HV,0.6618499798478967
SMPSO,ZDT1,8,Time,8.328132629394531
SMPSO,ZDT1,9,Time,7.1137237548828125
SMPSO,ZDT1,15,Time,7.31774377822876
SMPSO,ZDT1,23,GD,0.0006300037164979795
SMPSO,ZDT1,23,EP,0.0056288943586623175
SMPSO,ZDT1,23,HV,0.661806571849046
SMPSO,ZDT1,19,Time,8.005493402481079
SMPSO,ZDT1,1,GD,0.000546560770956876
SMPSO,ZDT1,1,EP,0.005392422875298009
SMPSO,ZDT1,1,HV,0.6619246674895792
SMPSO,ZDT1,20,Time,7.903316497802734
SMPSO,ZDT1,17,Time,7.0426154136657715
SMPSO,ZDT1,5,Time,7.5899739265441895
SMPSO,ZDT1,15,GD,0.0005647675575437824
SMPSO,ZDT1,15,EP,0.005352964376875713
SMPSO,ZDT1,15,HV,0.6618064593437806
SMPSO,ZDT1,22,GD,0.00055710405098807
SMPSO,ZDT1,22,EP,0.0054438327235948325
SMPSO,ZDT1,22,HV,0.6617430612400248
SMPSO,ZDT1,1,Time,7.757599830627441
SMPSO,ZDT1,3,Time,8.219318389892578
SMPSO,ZDT1,19,GD,0.0005714439312129796
SMPSO,ZDT1,19,EP,0.005524183723737364
SMPSO,ZDT1,19,HV,0.6618094644735147
SMPSO,ZDT1,2,Time,7.59316873550415
SMPSO,ZDT1,11,GD,0.0006431837560879771
SMPSO,ZDT1,11,EP,0.005573442195489886
SMPSO,ZDT1,11,HV,0.6617472140354547
SMPSO,ZDT1,12,Time,6.7358927726745605
SMPSO,ZDT1,24,GD,0.0006028180131892394
SMPSO,ZDT1,24,EP,0.0061674059793913605
SMPSO,ZDT1,24,HV,0.6618237940850995
SMPSO,ZDT1,13,Time,6.356071472167969
SMPSO,ZDT1,6,GD,0.0006143809609664634
SMPSO,ZDT1,6,EP,0.005820424742718822
SMPSO,ZDT1,6,HV,0.6617727050229009
SMPSO,ZDT1,22,Time,7.227565050125122
SMPSO,ZDT1,16,Time,9.996910333633423
SMPSO,ZDT1,4,GD,0.0006996363445544491
SMPSO,ZDT1,4,EP,0.005645383224195666
SMPSO,ZDT1,4,HV,0.6617343883893062
SMPSO,ZDT1,16,GD,0.0006122167647245876
SMPSO,ZDT1,16,EP,0.0052419454271965815
SMPSO,ZDT1,16,HV,0.6618803655103754
SMPSO,ZDT1,18,Time,7.604201555252075
SMPSO,ZDT1,13,GD,0.0008357383317706709
SMPSO,ZDT1,13,EP,0.005941518095063714
SMPSO,ZDT1,13,HV,0.6613023430897448
SMPSO,ZDT1,0,GD,0.0005690668312971287
SMPSO,ZDT1,0,EP,0.005549326520937148
SMPSO,ZDT1,0,HV,0.6618310591038348
SMPSO,ZDT1,21,Time,8.075627088546753
SMPSO,ZDT1,8,GD,0.00062714768354678
SMPSO,ZDT1,8,EP,0.005507270002843567
SMPSO,ZDT1,8,HV,0.6617741777277564
SMPSO,ZDT1,23,Time,8.314129114151001
SMPSO,ZDT1,20,GD,0.0005903881518854733
SMPSO,ZDT1,20,EP,0.005450914788215716
SMPSO,ZDT1,20,HV,0.6619010409098602
SMPSO,ZDT1,7,GD,0.0005573608848253242
SMPSO,ZDT1,7,EP,0.005869869043954312
SMPSO,ZDT1,7,HV,0.66186370080016
SMPSO,ZDT1,2,GD,0.0006099532152908749
SMPSO,ZDT1,2,EP,0.00579700506735345
SMPSO,ZDT1,2,HV,0.6617585706004171
SMPSO,ZDT1,4,Time,7.223415374755859
SMPSO,ZDT1,12,GD,0.0006227285677156152
SMPSO,ZDT1,12,EP,0.0054803064533137935
SMPSO,ZDT1,12,HV,0.661792663458392
SMPSO,ZDT1,18,GD,0.0005494079870006133
SMPSO,ZDT1,18,EP,0.00550540031176916
SMPSO,ZDT1,18,HV,0.6619159900263623
SMPSO,ZDT1,7,Time,7.398378133773804
SMPSO,ZDT1,24,Time,6.542787313461304
SMPSO,ZDT1,21,GD,0.0006028555558663599
SMPSO,ZDT1,21,EP,0.005240468828768052
SMPSO,ZDT1,21,HV,0.6618828389057811
SMPSO,ZDT1,11,Time,7.517395973205566
SMPSO,ZDT1,10,GD,0.0005322972340385191
SMPSO,ZDT1,10,EP,0.0053751959061320576
SMPSO,ZDT1,10,HV,0.6619080247022013
SMPSO,ZDT1,10,Time,9.347581624984741
GDE3,ZDT3,5,GD,0.0010519487894206738
GDE3,ZDT3,5,EP,0.00543345736395362
GDE3,ZDT3,5,HV,1.0414808108548927
GDE3,ZDT3,6,Time,9.726149082183838
GDE3,ZDT3,17,GD,0.00116730149088071
GDE3,ZDT3,17,EP,0.009101495141066604
GDE3,ZDT3,17,HV,1.0412888277853558
GDE3,ZDT3,9,GD,0.0009625689035752287
GDE3,ZDT3,9,EP,0.007353590424262202
GDE3,ZDT3,9,HV,1.0413466866578807
GDE3,ZDT3,14,Time,9.63995909690857
GDE3,ZDT3,14,GD,0.0010862692075814283
GDE3,ZDT3,14,EP,0.006889945157115884
GDE3,ZDT3,14,HV,1.041170670445108
GDE3,ZDT3,0,Time,9.499349117279053
GDE3,ZDT3,3,GD,0.0009788430950905171
GDE3,ZDT3,3,EP,0.008062520432226605
GDE3,ZDT3,3,HV,1.041339452356176
GDE3,ZDT3,8,Time,9.647408962249756
GDE3,ZDT3,9,Time,9.651061534881592
GDE3,ZDT3,15,Time,9.631186485290527
GDE3,ZDT3,23,GD,0.0011225199649284188
GDE3,ZDT3,23,EP,0.007954053810730749
GDE3,ZDT3,23,HV,1.0412955774071362
GDE3,ZDT3,19,Time,9.530707359313965
GDE3,ZDT3,1,GD,0.0010955510634208217
GDE3,ZDT3,1,EP,0.006528809581939632
GDE3,ZDT3,1,HV,1.0413615449304037
GDE3,ZDT3,20,Time,9.62763237953186
GDE3,ZDT3,17,Time,9.52440071105957
GDE3,ZDT3,5,Time,9.963344097137451
GDE3,ZDT3,15,GD,0.0010098859175205006
GDE3,ZDT3,15,EP,0.008981215680902828
GDE3,ZDT3,15,HV,1.0412937532358568
GDE3,ZDT3,22,GD,0.0010598494239116077
GDE3,ZDT3,22,EP,0.007303069322503464
GDE3,ZDT3,22,HV,1.0413184940669868
GDE3,ZDT3,1,Time,9.462745904922485
GDE3,ZDT3,3,Time,9.687941789627075
GDE3,ZDT3,19,GD,0.001037194213437983
GDE3,ZDT3,19,EP,0.006526943457784817
GDE3,ZDT3,19,HV,1.0413362558291082
GDE3,ZDT3,2,Time,9.580741167068481
GDE3,ZDT3,11,GD,0.0011943841881456132
GDE3,ZDT3,11,EP,0.006210908733530918
GDE3,ZDT3,11,HV,1.0412013396026762
GDE3,ZDT3,12,Time,9.600032091140747
GDE3,ZDT3,24,GD,0.0009914231541166328
GDE3,ZDT3,24,EP,0.007401157378996492
GDE3,ZDT3,24,HV,1.0413671074324173
GDE3,ZDT3,13,Time,9.628057718276978
GDE3,ZDT3,6,GD,0.001207060145956863
GDE3,ZDT3,6,EP,0.007191305029609296
GDE3,ZDT3,6,HV,1.0414173360476513
GDE3,ZDT3,22,Time,9.577691078186035
GDE3,ZDT3,16,Time,9.552320718765259
GDE3,ZDT3,4,GD,0.0010872593060401623
GDE3,ZDT3,4,EP,0.006065406427021219
GDE3,ZDT3,4,HV,1.0414962437283681
GDE3,ZDT3,16,GD,0.0008761393911348225
GDE3,ZDT3,16,EP,0.006189781743098588
GDE3,ZDT3,16,HV,1.0412723662286847
GDE3,ZDT3,18,Time,9.555622339248657
GDE3,ZDT3,13,GD,0.0012425350247328173
GDE3,ZDT3,13,EP,0.006642049177693704
GDE3,ZDT3,13,HV,1.0413680277950086
GDE3,ZDT3,0,GD,0.0011303423767152
GDE3,ZDT3,0,EP,0.006739392755469198
GDE3,ZDT3,0,HV,1.0414989531530023
GDE3,ZDT3,21,Time,9.603414535522461
GDE3,ZDT3,8,GD,0.0012730021731399966
GDE3,ZDT3,8,EP,0.007045260333814002
GDE3,ZDT3,8,HV,1.0410302127707411
GDE3,ZDT3,23,Time,9.529972791671753
GDE3,ZDT3,20,GD,0.0009715591411098656
GDE3,ZDT3,20,EP,0.007770815430023448
GDE3,ZDT3,20,HV,1.0412999176820976
GDE3,ZDT3,7,GD,0.0009787755529813821
GDE3,ZDT3,7,EP,0.006965791687262413
GDE3,ZDT3,7,HV,1.041430235499979
GDE3,ZDT3,2,GD,0.0010597879754100986
GDE3,ZDT3,2,EP,0.006307671500330202
GDE3,ZDT3,2,HV,1.0412890113416577
GDE3,ZDT3,4,Time,9.701390743255615
GDE3,ZDT3,12,GD,0.0011854543890040658
GDE3,ZDT3,12,EP,0.006489697275272519
GDE3,ZDT3,12,HV,1.0412567656729679
GDE3,ZDT3,18,GD,0.0011196001115574656
GDE3,ZDT3,18,EP,0.00908172266217059
GDE3,ZDT3,18,HV,1.0413196535531213
GDE3,ZDT3,7,Time,9.784058332443237
GDE3,ZDT3,24,Time,9.589951276779175
GDE3,ZDT3,21,GD,0.0010693249677186075
GDE3,ZDT3,21,EP,0.009938347308216806
GDE3,ZDT3,21,HV,1.0410018321764845
GDE3,ZDT3,11,Time,9.651342391967773
GDE3,ZDT3,10,GD,0.0010936566132230799
GDE3,ZDT3,10,EP,0.007686199685032369
GDE3,ZDT3,10,HV,1.0412966092312104
GDE3,ZDT3,10,Time,9.657411098480225
GDE3,ZDT2,5,GD,0.0004608714068162023
GDE3,ZDT2,5,EP,0.011429966925986856
GDE3,ZDT2,5,HV,0.32789829325693975
GDE3,ZDT2,6,Time,9.741315603256226
GDE3,ZDT2,17,GD,0.0004542957497906699
GDE3,ZDT2,17,EP,0.010459081435038986
GDE3,ZDT2,17,HV,0.32771145804853186
GDE3,ZDT2,9,GD,0.0005036183827789286
GDE3,ZDT2,9,EP,0.012051528474350648
GDE3,ZDT2,9,HV,0.32738591917583376
GDE3,ZDT2,14,Time,9.539722681045532
GDE3,ZDT2,14,GD,0.0005424293627847448
GDE3,ZDT2,14,EP,0.011935627831084289
GDE3,ZDT2,14,HV,0.32729816572561177
GDE3,ZDT2,0,Time,9.745256662368774
GDE3,ZDT2,3,GD,0.0005188263787588855
GDE3,ZDT2,3,EP,0.011845497590506793
GDE3,ZDT2,3,HV,0.3276736815195523
GDE3,ZDT2,8,Time,9.824312925338745
GDE3,ZDT2,9,Time,9.590057611465454
GDE3,ZDT2,15,Time,9.551824808120728
GDE3,ZDT2,23,GD,0.00047111995339129553
GDE3,ZDT2,23,EP,0.009665685290425885
GDE3,ZDT2,23,HV,0.32780455796482827
GDE3,ZDT2,19,Time,9.502267360687256
GDE3,ZDT2,1,GD,0.0005121815142736325
GDE3,ZDT2,1,EP,0.009517149630566268
GDE3,ZDT2,1,HV,0.3276520801012739
GDE3,ZDT2,20,Time,9.472625970840454
GDE3,ZDT2,17,Time,9.509945631027222
GDE3,ZDT2,5,Time,10.390299320220947
GDE3,ZDT2,15,GD,0.0004740997749078337
GDE3,ZDT2,15,EP,0.01717448940493349
GDE3,ZDT2,15,HV,0.3274834300142099
GDE3,ZDT2,22,GD,0.0004846995980664487
GDE3,ZDT2,22,EP,0.009899333668242472
GDE3,ZDT2,22,HV,0.3277531402923753
GDE3,ZDT2,1,Time,9.57882809638977
GDE3,ZDT2,3,Time,9.589052677154541
GDE3,ZDT2,19,GD,0.00044755809617271896
GDE3,ZDT2,19,EP,0.01243620238857479
GDE3,ZDT2,19,HV,0.3274826447386545
GDE3,ZDT2,2,Time,9.838411092758179
GDE3,ZDT2,11,GD,0.00046366534696506886
GDE3,ZDT2,11,EP,0.011989692650716477
GDE3,ZDT2,11,HV,0.32756643982821193
GDE3,ZDT2,12,Time,9.594812154769897
GDE3,ZDT2,24,GD,0.000491831634215535
GDE3,ZDT2,24,EP,0.011255015428402626
GDE3,ZDT2,24,HV,0.3276347216223445
GDE3,ZDT2,13,Time,9.544570684432983
GDE3,ZDT2,6,GD,0.0005288456772319778
GDE3,ZDT2,6,EP,0.012589351726028264
GDE3,ZDT2,6,HV,0.3273261442187831
GDE3,ZDT2,22,Time,9.457831621170044
GDE3,ZDT2,16,Time,9.554947853088379
GDE3,ZDT2,4,GD,0.0004904929394591224
GDE3,ZDT2,4,EP,0.0158048063419175
GDE3,ZDT2,4,HV,0.3272492340785391
GDE3,ZDT2,16,GD,0.0004517089483458276
GDE3,ZDT2,16,EP,0.013284987853976582
GDE3,ZDT2,16,HV,0.32742759503757785
GDE3,ZDT2,18,Time,9.535919189453125
GDE3,ZDT2,13,GD,0.000539330999637866
GDE3,ZDT2,13,EP,0.011473051593474892
GDE3,ZDT2,13,HV,0.3274514099802073
GDE3,ZDT2,0,GD,0.0004971035514933073
GDE3,ZDT2,0,EP,0.012837738845645985
GDE3,ZDT2,0,HV,0.327563332453397
GDE3,ZDT2,21,Time,9.535648822784424
GDE3,ZDT2,8,GD,0.00044316657062515335
GDE3,ZDT2,8,EP,0.014406868159017927
GDE3,ZDT2,8,HV,0.3274139666299258
GDE3,ZDT2,23,Time,9.496243000030518
GDE3,ZDT2,20,GD,0.000498841464224749
GDE3,ZDT2,20,EP,0.01247621355900308
GDE3,ZDT2,20,HV,0.3273684974844249
GDE3,ZDT2,7,GD,0.0005047530250443464
GDE3,ZDT2,7,EP,0.01246789348980648
GDE3,ZDT2,7,HV,0.3273358391883295
GDE3,ZDT2,2,GD,0.0004927384364260166
GDE3,ZDT2,2,EP,0.012679665595309975
GDE3,ZDT2,2,HV,0.32752044823012655
GDE3,ZDT2,4,Time,9.861537456512451
GDE3,ZDT2,12,GD,0.0004706071631021251
GDE3,ZDT2,12,EP,0.011977168091844681
GDE3,ZDT2,12,HV,0.3277619930448741
GDE3,ZDT2,18,GD,0.0005414073358029472
GDE3,ZDT2,18,EP,0.018693613591722724
GDE3,ZDT2,18,HV,0.32713201837574396
GDE3,ZDT2,7,Time,9.745909929275513
GDE3,ZDT2,24,Time,9.450525760650635
GDE3,ZDT2,21,GD,0.0005153506962258108
GDE3,ZDT2,21,EP,0.014314145116955224
GDE3,ZDT2,21,HV,0.3272826588086853
GDE3,ZDT2,11,Time,9.595051765441895
GDE3,ZDT2,10,GD,0.0004567405969084595
GDE3,ZDT2,10,EP,0.020622418874064352
GDE3,ZDT2,10,HV,0.32723982511065375
GDE3,ZDT2,10,Time,9.564810276031494
GDE3,ZDT1,5,GD,0.0006617961381394799
GDE3,ZDT1,5,EP,0.014784031964267363
GDE3,ZDT1,5,HV,0.6605518130158966
GDE3,ZDT1,6,Time,9.758477687835693
GDE3,ZDT1,17,GD,0.000608957220142435
GDE3,ZDT1,17,EP,0.01584453668594704
GDE3,ZDT1,17,HV,0.6605717429334024
GDE3,ZDT1,9,GD,0.0006514246209479255
GDE3,ZDT1,9,EP,0.01460439807093955
GDE3,ZDT1,9,HV,0.6607990989628321
GDE3,ZDT1,14,Time,9.5263991355896
GDE3,ZDT1,14,GD,0.0006642243373864233
GDE3,ZDT1,14,EP,0.012878646953480344
GDE3,ZDT1,14,HV,0.6608488395912191
GDE3,ZDT1,0,Time,9.698315143585205
GDE3,ZDT1,3,GD,0.0005865601411579216
GDE3,ZDT1,3,EP,0.012570004594718964
GDE3,ZDT1,3,HV,0.6611478385677662
GDE3,ZDT1,8,Time,9.725283145904541
GDE3,ZDT1,9,Time,9.503931999206543
GDE3,ZDT1,15,Time,9.5406334400177
GDE3,ZDT1,23,GD,0.000732870979692368
GDE3,ZDT1,23,EP,0.012650437442737528
GDE3,ZDT1,23,HV,0.66077394449775
GDE3,ZDT1,19,Time,9.457512855529785
GDE3,ZDT1,1,GD,0.0006711025523290311
GDE3,ZDT1,1,EP,0.013674219790703157
GDE3,ZDT1,1,HV,0.6608330835191559
GDE3,ZDT1,20,Time,9.461531162261963
GDE3,ZDT1,17,Time,9.466106653213501
GDE3,ZDT1,5,Time,9.65566873550415
GDE3,ZDT1,15,GD,0.000616232252787062
GDE3,ZDT1,15,EP,0.009784400152264436
GDE3,ZDT1,15,HV,0.6608967152151366
GDE3,ZDT1,22,GD,0.0005582872817758168
GDE3,ZDT1,22,EP,0.013581236817095776
GDE3,ZDT1,22,HV,0.6611830933075616
GDE3,ZDT1,1,Time,9.384028434753418
GDE3,ZDT1,3,Time,9.5446457862854
GDE3,ZDT1,19,GD,0.0006402926547040348
GDE3,ZDT1,19,EP,0.01380190828988792
GDE3,ZDT1,19,HV,0.6609491311527398
GDE3,ZDT1,2,Time,9.527047395706177
GDE3,ZDT1,11,GD,0.0006256300449213824
GDE3,ZDT1,11,EP,0.013726478630992245
GDE3,ZDT1,11,HV,0.6609759876998519
GDE3,ZDT1,12,Time,9.52285885810852
GDE3,ZDT1,24,GD,0.0006245208655966
GDE3,ZDT1,24,EP,0.013184580399743143
GDE3,ZDT1,24,HV,0.6606330975196112
GDE3,ZDT1,13,Time,9.49071717262268
GDE3,ZDT1,6,GD,0.0005309388908872686
GDE3,ZDT1,6,EP,0.011369599704260824
GDE3,ZDT1,6,HV,0.6606863583611958
GDE3,ZDT1,22,Time,13.036863565444946
GDE3,ZDT1,16,Time,9.571631908416748
GDE3,ZDT1,4,GD,0.0005755864129656773
GDE3,ZDT1,4,EP,0.024646058984179153
GDE3,ZDT1,4,HV,0.660177186138344
GDE3,ZDT1,16,GD,0.0005883506903408095
GDE3,ZDT1,16,EP,0.015882069224347983
GDE3,ZDT1,16,HV,0.6607832811633768
GDE3,ZDT1,18,Time,9.444772720336914
GDE3,ZDT1,13,GD,0.000517345590480032
GDE3,ZDT1,13,EP,0.01145178150324544
GDE3,ZDT1,13,HV,0.6609154441519255
GDE3,ZDT1,0,GD,0.0006290299793172523
GDE3,ZDT1,0,EP,0.012008251221368393
GDE3,ZDT1,0,HV,0.6610791681109727
GDE3,ZDT1,21,Time,9.467183828353882
GDE3,ZDT1,8,GD,0.000594183521175843
GDE3,ZDT1,8,EP,0.013440046213441192
GDE3,ZDT1,8,HV,0.6608865086122209
GDE3,ZDT1,23,Time,9.459782838821411
GDE3,ZDT1,20,GD,0.0005889220449980256
GDE3,ZDT1,20,EP,0.012746869240899406
GDE3,ZDT1,20,HV,0.6606384949127553
GDE3,ZDT1,7,GD,0.0006535665737036785
GDE3,ZDT1,7,EP,0.012989732408342614
GDE3,ZDT1,7,HV,0.6605046969808914
GDE3,ZDT1,2,GD,0.0006659447583256696
GDE3,ZDT1,2,EP,0.013274863528032033
GDE3,ZDT1,2,HV,0.6605755149734295
GDE3,ZDT1,4,Time,9.603678464889526
GDE3,ZDT1,12,GD,0.0006813458828522347
GDE3,ZDT1,12,EP,0.011531679220272317
GDE3,ZDT1,12,HV,0.6607633584277661
GDE3,ZDT1,18,GD,0.0006401221265358528
GDE3,ZDT1,18,EP,0.009643163146711875
GDE3,ZDT1,18,HV,0.6612031283449293
GDE3,ZDT1,7,Time,9.652762651443481
GDE3,ZDT1,24,Time,9.518584489822388
GDE3,ZDT1,21,GD,0.0007138589955757286
GDE3,ZDT1,21,EP,0.014923843222136912
GDE3,ZDT1,21,HV,0.6604611891469474
GDE3,ZDT1,11,Time,9.562555313110352
GDE3,ZDT1,10,GD,0.0007431401514613775
GDE3,ZDT1,10,EP,0.011457410544567503
GDE3,ZDT1,10,HV,0.6608605883216508
GDE3,ZDT1,10,Time,9.540706396102905
NSGAII,ZDT3,5,GD,0.0015065286339533827
NSGAII,ZDT3,5,EP,0.008075835219734318
NSGAII,ZDT3,5,HV,1.0404782269383364
NSGAII,ZDT3,6,Time,9.998825550079346
NSGAII,ZDT3,17,GD,0.0014136126036712047
NSGAII,ZDT3,17,EP,0.007930169270862403
NSGAII,ZDT3,17,HV,1.0400802779466467
NSGAII,ZDT3,9,GD,0.0012044281496535962
NSGAII,ZDT3,9,EP,0.011674166063640468
NSGAII,ZDT3,9,HV,1.0403573327841624
NSGAII,ZDT3,14,Time,9.850022315979004
NSGAII,ZDT3,14,GD,0.001560452186354089
NSGAII,ZDT3,14,EP,0.008092895557719526
NSGAII,ZDT3,14,HV,1.039768643715002
NSGAII,ZDT3,0,Time,9.769228458404541
NSGAII,ZDT3,3,GD,0.001415283198355083
NSGAII,ZDT3,3,EP,0.007815444966423599
NSGAII,ZDT3,3,HV,1.0402359936411807
NSGAII,ZDT3,8,Time,11.143209218978882
NSGAII,ZDT3,9,Time,9.887763261795044
NSGAII,ZDT3,15,Time,9.863682746887207
NSGAII,ZDT3,23,GD,0.0016946564650010877
NSGAII,ZDT3,23,EP,0.010364272481116599
NSGAII,ZDT3,23,HV,1.0399359061606905
NSGAII,ZDT3,19,Time,9.798855543136597
NSGAII,ZDT3,1,GD,0.0014704831012038394
NSGAII,ZDT3,1,EP,0.009352894494226577
NSGAII,ZDT3,1,HV,1.0399735970121842
NSGAII,ZDT3,20,Time,9.835710287094116
NSGAII,ZDT3,17,Time,9.786523818969727
NSGAII,ZDT3,5,Time,9.992443323135376
NSGAII,ZDT3,15,GD,0.0014138124121276928
NSGAII,ZDT3,15,EP,0.007690410701971739
NSGAII,ZDT3,15,HV,1.0401343983625952
NSGAII,ZDT3,22,GD,0.0012471866291299154
NSGAII,ZDT3,22,EP,0.009486480525986163
NSGAII,ZDT3,22,HV,1.040219593397376
NSGAII,ZDT3,1,Time,9.889764308929443
NSGAII,ZDT3,3,Time,9.874135255813599
NSGAII,ZDT3,19,GD,0.0011941130305621573
NSGAII,ZDT3,19,EP,0.008962876633797898
NSGAII,ZDT3,19,HV,1.0403476346686436
NSGAII,ZDT3,2,Time,9.803168773651123
NSGAII,ZDT3,11,GD,0.0014351066514620067
NSGAII,ZDT3,11,EP,0.007323221381604461
NSGAII,ZDT3,11,HV,1.0401212508679683
NSGAII,ZDT3,12,Time,9.860984325408936
NSGAII,ZDT3,24,GD,0.0014502190617430863
NSGAII,ZDT3,24,EP,0.007314273617951006
NSGAII,ZDT3,24,HV,1.0400422783685848
NSGAII,ZDT3,13,Time,9.842684507369995
NSGAII,ZDT3,6,GD,0.0013187054523937864
NSGAII,ZDT3,6,EP,0.008806009362058553
NSGAII,ZDT3,6,HV,1.0401285106521816
NSGAII,ZDT3,22,Time,9.76163101196289
NSGAII,ZDT3,16,Time,9.764015674591064
NSGAII,ZDT3,4,GD,0.0014721567913423205
NSGAII,ZDT3,4,EP,0.010574624899851837
NSGAII,ZDT3,4,HV,1.0397489900510457
NSGAII,ZDT3,16,GD,0.00149099336716498
NSGAII,ZDT3,16,EP,0.011218758413047758
NSGAII,ZDT3,16,HV,1.040178226547952
NSGAII,ZDT3,18,Time,9.765806436538696
NSGAII,ZDT3,13,GD,0.0015090399484069235
NSGAII,ZDT3,13,EP,0.010198170066316542
NSGAII,ZDT3,13,HV,1.0397444045208517
NSGAII,ZDT3,0,GD,0.001395704444918116
NSGAII,ZDT3,0,EP,0.01025639444171722
NSGAII,ZDT3,0,HV,1.0400350140326713
NSGAII,ZDT3,21,Time,9.846502780914307
NSGAII,ZDT3,8,GD,0.0013215588775326295
NSGAII,ZDT3,8,EP,0.008045893193480869
NSGAII,ZDT3,8,HV,1.0406508369162621
NSGAII,ZDT3,23,Time,9.777344226837158
NSGAII,ZDT3,20,GD,0.0012576421068168848
NSGAII,ZDT3,20,EP,0.008129937433020817
NSGAII,ZDT3,20,HV,1.0403297328435328
NSGAII,ZDT3,7,GD,0.0014224239596973712
NSGAII,ZDT3,7,EP,0.006007478686320289
NSGAII,ZDT3,7,HV,1.0404991205269263
NSGAII,ZDT3,2,GD,0.001174335251518107
NSGAII,ZDT3,2,EP,0.00851199248673118
NSGAII,ZDT3,2,HV,1.0404312185859121
NSGAII,ZDT3,4,Time,9.97643232345581
NSGAII,ZDT3,12,GD,0.0013858209970090388
NSGAII,ZDT3,12,EP,0.010165603923295241
NSGAII,ZDT3,12,HV,1.0400084990707699
NSGAII,ZDT3,18,GD,0.0012586454918636436
NSGAII,ZDT3,18,EP,0.008498935542128251
NSGAII,ZDT3,18,HV,1.0403216759472407
NSGAII,ZDT3,7,Time,9.96312427520752
NSGAII,ZDT3,24,Time,9.812065362930298
NSGAII,ZDT3,21,GD,0.0013398969382916897
NSGAII,ZDT3,21,EP,0.008449844161843592
NSGAII,ZDT3,21,HV,1.0398843936455153
NSGAII,ZDT3,11,Time,9.822054386138916
NSGAII,ZDT3,10,GD,0.001220771830253007
NSGAII,ZDT3,10,EP,0.3159223165578629
NSGAII,ZDT3,10,HV,0.9887862744272924
NSGAII,ZDT3,10,Time,9.920766592025757
NSGAII,ZDT2,5,GD,0.001120722966038843
NSGAII,ZDT2,5,EP,0.011069888860179566
NSGAII,ZDT2,5,HV,0.32667724889858524
NSGAII,ZDT2,6,Time,10.917622804641724
NSGAII,ZDT2,17,GD,0.0012326227727066513
NSGAII,ZDT2,17,EP,0.010715969049679308
NSGAII,ZDT2,17,HV,0.3265942911024055
NSGAII,ZDT2,9,GD,0.0012201309953570082
NSGAII,ZDT2,9,EP,0.010544369700107525
NSGAII,ZDT2,9,HV,0.3262967917023752
NSGAII,ZDT2,14,Time,9.855459690093994
NSGAII,ZDT2,14,GD,0.0011359659083132966
NSGAII,ZDT2,14,EP,0.011992427195806121
NSGAII,ZDT2,14,HV,0.3266191234206306
NSGAII,ZDT2,0,Time,11.630237579345703
NSGAII,ZDT2,3,GD,0.0010091512308121166
NSGAII,ZDT2,3,EP,0.012481926132037247
NSGAII,ZDT2,3,HV,0.3266194219054165
NSGAII,ZDT2,8,Time,10.228043794631958
NSGAII,ZDT2,9,Time,9.872002124786377
NSGAII,ZDT2,15,Time,9.927157402038574
NSGAII,ZDT2,23,GD,0.0009360023515299716
NSGAII,ZDT2,23,EP,0.01568861503608554
NSGAII,ZDT2,23,HV,0.3264456862249196
NSGAII,ZDT2,19,Time,9.806854486465454
NSGAII,ZDT2,1,GD,0.0012788719112501058
NSGAII,ZDT2,1,EP,0.015517538706902312
NSGAII,ZDT2,1,HV,0.32594714606156877
NSGAII,ZDT2,20,Time,9.909799337387085
NSGAII,ZDT2,17,Time,9.830236673355103
NSGAII,ZDT2,5,Time,9.894553661346436
NSGAII,ZDT2,15,GD,0.0012655642813829446
NSGAII,ZDT2,15,EP,0.013021422079458111
NSGAII,ZDT2,15,HV,0.3262016068117959
NSGAII,ZDT2,22,GD,0.0011331272305548222
NSGAII,ZDT2,22,EP,0.013326538781470831
NSGAII,ZDT2,22,HV,0.32632624184705666
NSGAII,ZDT2,1,Time,9.712783813476562
NSGAII,ZDT2,3,Time,9.986577987670898
NSGAII,ZDT2,19,GD,0.0011210739052398614
NSGAII,ZDT2,19,EP,0.012641841489619332
NSGAII,ZDT2,19,HV,0.3261946993039477
NSGAII,ZDT2,2,Time,9.827085733413696
NSGAII,ZDT2,11,GD,0.0012752180698551087
NSGAII,ZDT2,11,EP,0.012461794188384445
NSGAII,ZDT2,11,HV,0.3262886019464845
NSGAII,ZDT2,12,Time,9.877582788467407
NSGAII,ZDT2,24,GD,0.0015059185889705214
NSGAII,ZDT2,24,EP,0.01781736665160627
NSGAII,ZDT2,24,HV,0.3255188014394601
NSGAII,ZDT2,13,Time,9.879865646362305
NSGAII,ZDT2,6,GD,0.001089491970595448
NSGAII,ZDT2,6,EP,0.013066785947671855
NSGAII,ZDT2,6,HV,0.32657800844530976
NSGAII,ZDT2,22,Time,9.750837564468384
NSGAII,ZDT2,16,Time,9.913474321365356
NSGAII,ZDT2,4,GD,0.0013440121810328375
NSGAII,ZDT2,4,EP,0.013638751410444683
NSGAII,ZDT2,4,HV,0.32602675231084155
NSGAII,ZDT2,16,GD,0.0012817027884280657
NSGAII,ZDT2,16,EP,0.013583612101329856
NSGAII,ZDT2,16,HV,0.32656915528197356
NSGAII,ZDT2,18,Time,9.80227518081665
NSGAII,ZDT2,13,GD,0.001550065117746528
NSGAII,ZDT2,13,EP,0.014008238056061217
NSGAII,ZDT2,13,HV,0.32594509998515264
NSGAII,ZDT2,0,GD,0.0010389987337819113
NSGAII,ZDT2,0,EP,0.012548225062639529
NSGAII,ZDT2,0,HV,0.32670699770544004
NSGAII,ZDT2,21,Time,9.855186700820923
NSGAII,ZDT2,8,GD,0.0014110266859048374
NSGAII,ZDT2,8,EP,0.016602258628371946
NSGAII,ZDT2,8,HV,0.325713697990444
NSGAII,ZDT2,23,Time,9.846038818359375
NSGAII,ZDT2,20,GD,0.0009479149909731225
NSGAII,ZDT2,20,EP,0.01179254935318963
NSGAII,ZDT2,20,HV,0.32688659765378386
NSGAII,ZDT2,7,GD,0.0013235058459505357
NSGAII,ZDT2,7,EP,0.010873466739635962
NSGAII,ZDT2,7,HV,0.32600685263926976
NSGAII,ZDT2,2,GD,0.0009610802796253399
NSGAII,ZDT2,2,EP,0.012787210834615537
NSGAII,ZDT2,2,HV,0.32673522615838185
NSGAII,ZDT2,4,Time,10.235287189483643
NSGAII,ZDT2,12,GD,0.0013319273266225596
NSGAII,ZDT2,12,EP,0.011521862193144994
NSGAII,ZDT2,12,HV,0.32601695406224757
NSGAII,ZDT2,18,GD,0.0015095771787756007
NSGAII,ZDT2,18,EP,0.011055919880764042
NSGAII,ZDT2,18,HV,0.32607316264886504
NSGAII,ZDT2,7,Time,10.002914667129517
NSGAII,ZDT2,24,Time,9.821141242980957
NSGAII,ZDT2,21,GD,0.00117666654977926
NSGAII,ZDT2,21,EP,0.013176339411470561
NSGAII,ZDT2,21,HV,0.32609180153479034
NSGAII,ZDT2,11,Time,9.899973630905151
NSGAII,ZDT2,10,GD,0.0009923521783934955
NSGAII,ZDT2,10,EP,0.01210757182700184
NSGAII,ZDT2,10,HV,0.3265861936710885
NSGAII,ZDT2,10,Time,9.934917211532593
NSGAII,ZDT1,5,GD,0.001260418119150368
NSGAII,ZDT1,5,EP,0.016148837940254568
NSGAII,ZDT1,5,HV,0.659403026325573
NSGAII,ZDT1,6,Time,10.071215152740479
NSGAII,ZDT1,17,GD,0.0011458422479355722
NSGAII,ZDT1,17,EP,0.012521225250527734
NSGAII,ZDT1,17,HV,0.6597528613569237
NSGAII,ZDT1,9,GD,0.001209039637586707
NSGAII,ZDT1,9,EP,0.011693206902443187
NSGAII,ZDT1,9,HV,0.6599600237895286
NSGAII,ZDT1,14,Time,9.839780330657959
NSGAII,ZDT1,14,GD,0.0011897597960323107
NSGAII,ZDT1,14,EP,0.012109774074391455
NSGAII,ZDT1,14,HV,0.6601376463779691
NSGAII,ZDT1,0,Time,9.028415203094482
NSGAII,ZDT1,3,GD,0.0011785412689540977
NSGAII,ZDT1,3,EP,0.012804862295539399
NSGAII,ZDT1,3,HV,0.6597975995937644
NSGAII,ZDT1,8,Time,9.983561038970947
NSGAII,ZDT1,9,Time,9.807934522628784
NSGAII,ZDT1,15,Time,9.85855746269226
NSGAII,ZDT1,23,GD,0.0012968702002724797
NSGAII,ZDT1,23,EP,0.013511972367640124
NSGAII,ZDT1,23,HV,0.6596520073465014
NSGAII,ZDT1,19,Time,9.748203754425049
NSGAII,ZDT1,1,GD,0.0012626242858327
NSGAII,ZDT1,1,EP,0.012023307832106991
NSGAII,ZDT1,1,HV,0.6595459022837683
NSGAII,ZDT1,20,Time,9.785405397415161
NSGAII,ZDT1,17,Time,9.772192239761353
NSGAII,ZDT1,5,Time,9.870168924331665
NSGAII,ZDT1,15,GD,0.0015502307231953125
NSGAII,ZDT1,15,EP,0.010387057971031621
NSGAII,ZDT1,15,HV,0.6595289324034959
NSGAII,ZDT1,22,GD,0.0016772832547052767
NSGAII,ZDT1,22,EP,0.012522900088643353
NSGAII,ZDT1,22,HV,0.6593515724570711
NSGAII,ZDT1,1,Time,9.703457117080688
NSGAII,ZDT1,3,Time,9.841525077819824
NSGAII,ZDT1,19,GD,0.001335875578921177
NSGAII,ZDT1,19,EP,0.01677928675381657
NSGAII,ZDT1,19,HV,0.6595408436868099
NSGAII,ZDT1,2,Time,10.1041579246521
NSGAII,ZDT1,11,GD,0.0013915912834975214
NSGAII,ZDT1,11,EP,0.012475649575207026
NSGAII,ZDT1,11,HV,0.6594414701783623
NSGAII,ZDT1,12,Time,9.833458662033081
NSGAII,ZDT1,24,GD,0.0015327711046609085
NSGAII,ZDT1,24,EP,0.012928270705466066
NSGAII,ZDT1,24,HV,0.6592599358518357
NSGAII,ZDT1,13,Time,9.840285062789917
NSGAII,ZDT1,6,GD,0.0014883333718908928
NSGAII,ZDT1,6,EP,0.014236171735336117
NSGAII,ZDT1,6,HV,0.6597505963989908
NSGAII,ZDT1,22,Time,9.759067058563232
NSGAII,ZDT1,16,Time,9.83262825012207
NSGAII,ZDT1,4,GD,0.0013042177340690897
NSGAII,ZDT1,4,EP,0.012113156865521724
NSGAII,ZDT1,4,HV,0.6598109612920453
NSGAII,ZDT1,16,GD,0.0016602465800126564
NSGAII,ZDT1,16,EP,0.01665662884461496
NSGAII,ZDT1,16,HV,0.6589699641524726
NSGAII,ZDT1,18,Time,9.800317287445068
NSGAII,ZDT1,13,GD,0.0017949119877597155
NSGAII,ZDT1,13,EP,0.013075818165968645
NSGAII,ZDT1,13,HV,0.6589874679999578
NSGAII,ZDT1,0,GD,0.0012850018562216433
NSGAII,ZDT1,0,EP,0.017391432354291525
NSGAII,ZDT1,0,HV,0.6594830004296833
NSGAII,ZDT1,21,Time,9.787883281707764
NSGAII,ZDT1,8,GD,0.0014630419921417873
NSGAII,ZDT1,8,EP,0.01805819497805708
NSGAII,ZDT1,8,HV,0.6590831904904534
NSGAII,ZDT1,23,Time,9.793323278427124
NSGAII,ZDT1,20,GD,0.001470005070876087
NSGAII,ZDT1,20,EP,0.010911167160705337
NSGAII,ZDT1,20,HV,0.6597399184650766
NSGAII,ZDT1,7,GD,0.0016360195910509953
NSGAII,ZDT1,7,EP,0.013120031531576787
NSGAII,ZDT1,7,HV,0.6592490631228203
NSGAII,ZDT1,2,GD,0.0014791074500114815
NSGAII,ZDT1,2,EP,0.011377499525512771
NSGAII,ZDT1,2,HV,0.6594615853038597
NSGAII,ZDT1,4,Time,9.899687051773071
NSGAII,ZDT1,12,GD,0.0013562157720254289
NSGAII,ZDT1,12,EP,0.013927011019395641
NSGAII,ZDT1,12,HV,0.6593526359497369
NSGAII,ZDT1,18,GD,0.0016336355424870833
NSGAII,ZDT1,18,EP,0.010233853561928824
NSGAII,ZDT1,18,HV,0.6595753535163915
NSGAII,ZDT1,7,Time,9.927058458328247
NSGAII,ZDT1,24,Time,9.826687574386597
NSGAII,ZDT1,21,GD,0.001537806551174119
NSGAII,ZDT1,21,EP,0.015824247924817403
NSGAII,ZDT1,21,HV,0.659089863030988
NSGAII,ZDT1,11,Time,9.822474002838135
NSGAII,ZDT1,10,GD,0.0008752381147667526
NSGAII,ZDT1,10,EP,0.015803777732966373
NSGAII,ZDT1,10,HV,0.6599402263615474
NSGAII,ZDT1,10,Time,9.867470264434814
